[
  {
    "text": "Overview",
    "path": "overview",
    "module": "overview/index",
    "start": "/overview/start"
  },
  {
    "text": "Columns",
    "path": "columns",
    "module": "columns/index",
    "start": "/columns/basics"
  },
  {
    "text": "Layout",
    "path": "layout",
    "module": "layout/index",
    "start": "/layout/container"
  },
  {
    "text": "Elements",
    "path": "elements",
    "module": "elements/index",
    "start": "/elements/box"
  },
  {
    "text": "Components",
    "path": "components",
    "module": "components/index",
    "start": "/components/breadcrumb"
  }
]